datetime,date,time,current_portfolio_value,initial_value,fee,close,returns,log_returns,d_log_returns,cumulative_return,results
2025-08-05 23:50:56,2025-08-05 23:50:56,23:50:56,19993.78947704,20094.52284208,0.0,113796.29,-0.0001434954755854530,-0.00014350577204621900,-0.0035274533144203000,0.003245697677381590,19993.78947704
2025-08-06 00:50:59,2025-08-06 00:50:59,00:50:59,19995.69513576,20094.52284208,0.0,113796.29,9.53125330336313E-05,9.53079910827556E-05,0.00023881376312897500,0.0033413195660823000,19995.69513576
2025-08-06 01:51:00,2025-08-06 01:51:00,01:51:00,19966.657693840000,20094.52284208,0.0,113796.29,-0.001452184668892410,-0.0014532401109703100,-0.0015485481020530700,0.0018842826841420900,19966.657693840000
2025-08-06 02:51:02,2025-08-06 02:51:02,02:51:02,19982.28286984,20094.52284208,0.0,113796.29,0.0007825634234626120,0.0007822573803617580,0.0022354974913320700,0.0026683206783126900,19982.28286984
2025-08-06 03:51:04,2025-08-06 03:51:04,03:51:04,19983.34993368,20094.52284208,0.0,113796.29,5.34004971779467E-05,5.33990714221544E-05,-0.0007288583089396040,0.0027218636651416000,19983.34993368
2025-08-06 04:51:09,2025-08-06 04:51:09,04:51:09,19996.82960232,20094.52284208,0.0,113796.29,0.0006745449929432820,0.0006743175897262510,0.0006209185183040970,0.003398244677591760,19996.82960232
2025-08-06 05:51:18,2025-08-06 05:51:18,05:51:18,19970.87036384,20094.52284208,0.0,113796.29,-0.0012981677093946200,-0.0012990110590473400,-0.0019733286487735900,0.0020956654766879400,19970.87036384
2025-08-06 06:51:20,2025-08-06 06:51:20,06:51:20,19987.49301256,20094.52284208,0.0,113796.29,0.0008323447309586120,0.0008319985241786420,0.002131009583225990,0.0029297545237638700,19987.49301256
2025-08-06 07:51:22,2025-08-06 07:51:22,07:51:22,19996.18096056,20094.52284208,0.0,113796.29,0.0004346692201238070,0.00043457477882450500,-0.00039742374535413700,0.0033656972180018400,19996.18096056
2025-08-06 08:51:25,2025-08-06 08:51:25,08:51:25,20081.68700072,20094.52284208,0.0,113796.29,0.004276118541268080,0.004267001926289490,0.0038324271474649900,0.007656207879548130,20081.68700072
2025-08-06 09:51:31,2025-08-06 09:51:31,09:51:31,20072.46070632,20094.52284208,0.0,113796.29,-0.0004594382135162390,-0.000459543787590006,-0.0047265457138795,0.00719325211156141,20072.46070632
2025-08-06 10:51:34,2025-08-06 10:51:34,10:51:34,20105.922217680000,20094.52284208,0.0,113796.29,0.0016670358382850900,0.0016656478763494600,0.0021251916639394600,0.008872279358910220,20105.922217680000
2025-08-06 11:51:40,2025-08-06 11:51:40,11:51:40,20098.94472312,20094.52284208,0.0,113796.29,-0.0003470367827180800,-0.0003470970139177240,-0.002012744890267180,0.008522163568908110,20098.94472312
2025-08-06 12:51:46,2025-08-06 12:51:46,12:51:46,20083.153228720000,20094.52284208,0.0,113796.29,-0.0007856877372189870,-0.0007859965515942360,-0.0004388995376765120,0.007729780072278430,20083.153228720000
2025-08-06 13:51:50,2025-08-06 13:51:50,13:51:50,20077.73606336,20094.52284208,0.0,113796.29,-0.00026973679373498700,-0.0002697731792470890,0.0005162233723471470,0.007457958272450330,20077.73606336
2025-08-06 14:51:53,2025-08-06 14:51:53,14:51:53,20067.92108936,20094.52284208,0.0,113796.29,-0.0004888486415514090,-0.0004889681670034060,-0.00021919498775631800,0.006965463818128680,20067.92108936
2025-08-06 15:51:55,2025-08-06 15:51:55,15:51:55,20082.33214104,20094.52284208,0.0,113796.29,0.0007181138303180570,0.0007178561099557330,0.0012068242769591400,0.007688579644349100,20082.33214104
2025-08-06 16:51:56,2025-08-06 16:51:56,16:51:56,20071.20850384,20094.52284208,0.0,113796.29,-0.0005539016645017550,-0.000554055124699246,-0.0012719112346549800,0.007130419262784790,20071.20850384
2025-08-06 17:51:58,2025-08-06 17:51:58,17:51:58,20062.09075408,20094.52284208,0.0,113796.29,-0.0004542700933157780,-0.0004543733052331940,9.96818194660519E-05,0.006672910033245220,20062.09075408
2025-08-06 18:51:57,2025-08-06 18:51:57,18:51:57,20063.49264312,20094.52284208,0.0,113796.29,6.9877514621286E-05,6.98750733014894E-05,0.0005242483785346840,0.006743253834234910,20063.49264312
2025-08-06 19:52:05,2025-08-06 19:52:05,19:52:05,20030.16768792,20094.52284208,0.0,113796.29,-0.001660974776065640,-0.0016623557240273300,-0.001732230797328820,0.005071078683641870,20030.16768792
2025-08-06 20:52:10,2025-08-06 20:52:10,20:52:10,20031.29340088,20094.52284208,0.0,113796.29,5.62008754765309E-05,5.61992962664971E-05,0.0017185550202938300,0.005127564558180090,20031.29340088
2025-08-06 21:52:14,2025-08-06 21:52:14,21:52:14,20009.175679760000,20094.52284208,0.0,113796.29,-0.001104158412408190,-0.001104768444397340,-0.001160967740663840,0.004017744502229800,20009.175679760000
2025-08-06 22:52:27,2025-08-06 22:52:27,22:52:27,20024.83674552,20094.52284208,0.0,113796.29,0.0007826942004331980,0.0007823880550625580,0.0018871564994599000,0.00480358336798381,20024.83674552
2025-08-06 23:52:29,2025-08-06 23:52:29,23:52:29,20044.756,20094.52284208,0.0,113796.29,0.0009947274343926620,0.0009942330209022390,0.00021184496583968100,0.005803089058535880,20044.756
2025-08-07 00:52:32,2025-08-07 00:52:32,00:52:32,20050.28302304,20094.52284208,0.0,113796.29,0.0002757341141992330,0.0002756961065348790,-0.0007185369143673600,0.006080423282356360,20050.28302304
2025-08-07 01:52:33,2025-08-07 01:52:33,01:52:33,20071.53807688,20094.52284208,0.0,113796.29,0.0010600874718613700,0.0010595259759255400,0.0007838298693906620,0.007146956534762830,20071.53807688
2025-08-07 02:52:37,2025-08-07 02:52:37,02:52:37,20072.47996424,20094.52284208,0.0,113796.29,4.69265163631771E-05,4.69254153486525E-05,-0.0010126005605768900,0.007194218432898800,20072.47996424
2025-08-07 03:52:46,2025-08-07 03:52:46,03:52:46,20137.23,20094.52284208,20.27,113796.29,0.0032258114530618900,0.003220619685409350,0.0031736942700607000,0.010443237078177500,20137.23
2025-08-07 04:52:48,2025-08-07 04:52:48,04:52:48,20137.23,20094.52284208,20.27,113796.29,0.0,0.0,-0.003220619685409350,0.010443237078177500,20137.23
2025-08-07 05:52:53,2025-08-07 05:52:53,05:52:53,20137.23,20094.52284208,20.27,113796.29,0.0,0.0,0.0,0.010443237078177500,20137.23
2025-08-07 06:53:01,2025-08-07 06:53:01,06:53:01,20137.23,20094.52284208,20.27,113796.29,0.0,0.0,0.0,0.010443237078177500,20137.23
2025-08-07 07:53:10,2025-08-07 07:53:10,07:53:10,20137.23,20094.52284208,20.27,113796.29,0.0,0.0,0.0,0.010443237078177500,20137.23
2025-08-07 08:53:23,2025-08-07 08:53:23,08:53:23,20137.23,20094.52284208,20.27,113796.29,0.0,0.0,0.0,0.010443237078177500,20137.23
2025-08-07 09:53:23,2025-08-07 09:53:23,09:53:23,20137.23,20094.52284208,20.27,113796.29,0.0,0.0,0.0,0.010443237078177500,20137.23
2025-08-07 10:53:27,2025-08-07 10:53:27,10:53:27,20137.23,20094.52284208,20.27,113796.29,0.0,0.0,0.0,0.010443237078177500,20137.23
2025-08-07 11:53:39,2025-08-07 11:53:39,11:53:39,20137.23,20094.52284208,20.27,113796.29,0.0,0.0,0.0,0.010443237078177500,20137.23
2025-08-07 12:53:46,2025-08-07 12:53:46,12:53:46,20137.23,20094.52284208,20.27,113796.29,0.0,0.0,0.0,0.010443237078177500,20137.23
2025-08-07 13:53:47,2025-08-07 13:53:47,13:53:47,20137.23,20094.52284208,20.27,113796.29,0.0,0.0,0.0,0.010443237078177500,20137.23
2025-08-07 14:53:49,2025-08-07 14:53:49,14:53:49,20137.23,20094.52284208,20.27,113796.29,0.0,0.0,0.0,0.010443237078177500,20137.23
2025-08-07 15:54:02,2025-08-07 15:54:02,15:54:02,20137.23,20094.52284208,20.27,113796.29,0.0,0.0,0.0,0.010443237078177500,20137.23
2025-08-07 16:54:10,2025-08-07 16:54:10,16:54:10,20137.23,20094.52284208,20.27,113796.29,0.0,0.0,0.0,0.010443237078177500,20137.23
2025-08-07 17:54:19,2025-08-07 17:54:19,17:54:19,20137.23,20094.52284208,20.27,113796.29,0.0,0.0,0.0,0.010443237078177500,20137.23
2025-08-07 18:54:30,2025-08-07 18:54:30,18:54:30,20137.23,20094.52284208,20.27,113796.29,0.0,0.0,0.0,0.010443237078177500,20137.23
2025-08-07 19:54:37,2025-08-07 19:54:37,19:54:37,20137.23,20094.52284208,20.27,113796.29,0.0,0.0,0.0,0.010443237078177500,20137.23
2025-08-07 20:54:41,2025-08-07 20:54:41,20:54:41,20137.23,20094.52284208,20.27,113796.29,0.0,0.0,0.0,0.010443237078177500,20137.23
2025-08-07 21:54:44,2025-08-07 21:54:44,21:54:44,20137.23,20094.52284208,20.27,113796.29,0.0,0.0,0.0,0.010443237078177500,20137.23
2025-08-07 22:54:57,2025-08-07 22:54:57,22:54:57,20137.23,20094.52284208,20.27,113796.29,0.0,0.0,0.0,0.010443237078177500,20137.23
2025-08-07 23:54:58,2025-08-07 23:54:58,23:54:58,20137.23,20094.52284208,20.27,113796.29,0.0,0.0,0.0,0.010443237078177500,20137.23
2025-08-08 00:55:11,2025-08-08 00:55:11,00:55:11,20137.23,20094.52284208,20.27,113796.29,0.0,0.0,0.0,0.010443237078177500,20137.23
2025-08-08 01:55:23,2025-08-08 01:55:23,01:55:23,20137.23,20094.52284208,20.27,113796.29,0.0,0.0,0.0,0.010443237078177500,20137.23
2025-08-08 02:55:27,2025-08-08 02:55:27,02:55:27,20137.23,20094.52284208,20.27,113796.29,0.0,0.0,0.0,0.010443237078177500,20137.23
2025-08-08 03:55:29,2025-08-08 03:55:29,03:55:29,20137.23,20094.52284208,20.27,113796.29,0.0,0.0,0.0,0.010443237078177500,20137.23
2025-08-08 04:55:32,2025-08-08 04:55:32,04:55:32,20137.23,20094.52284208,20.27,113796.29,0.0,0.0,0.0,0.010443237078177500,20137.23
2025-08-08 05:55:38,2025-08-08 05:55:38,05:55:38,20137.23,20094.52284208,20.27,113796.29,0.0,0.0,0.0,0.010443237078177500,20137.23
2025-08-08 06:55:49,2025-08-08 06:55:49,06:55:49,20137.23,20094.52284208,20.27,113796.29,0.0,0.0,0.0,0.010443237078177500,20137.23
2025-08-08 07:56:01,2025-08-08 07:56:01,07:56:01,20137.23,20094.52284208,20.27,113796.29,0.0,0.0,0.0,0.010443237078177500,20137.23
2025-08-08 08:56:13,2025-08-08 08:56:13,08:56:13,20137.23,20094.52284208,20.27,113796.29,0.0,0.0,0.0,0.010443237078177500,20137.23
2025-08-08 09:56:24,2025-08-08 09:56:24,09:56:24,20137.23,20094.52284208,20.27,113796.29,0.0,0.0,0.0,0.010443237078177500,20137.23
2025-08-08 10:56:24,2025-08-08 10:56:24,10:56:24,20137.23,20094.52284208,20.27,113796.29,0.0,0.0,0.0,0.010443237078177500,20137.23
2025-08-08 11:56:25,2025-08-08 11:56:25,11:56:25,20137.23,20094.52284208,20.27,113796.29,0.0,0.0,0.0,0.010443237078177500,20137.23
2025-08-08 12:56:25,2025-08-08 12:56:25,12:56:25,20137.23,20094.52284208,20.27,113796.29,0.0,0.0,0.0,0.010443237078177500,20137.23
2025-08-08 13:56:36,2025-08-08 13:56:36,13:56:36,20137.23,20094.52284208,20.27,113796.29,0.0,0.0,0.0,0.010443237078177500,20137.23
2025-08-08 14:56:48,2025-08-08 14:56:48,14:56:48,20137.23,20094.52284208,20.27,113796.29,0.0,0.0,0.0,0.010443237078177500,20137.23
2025-08-08 15:56:56,2025-08-08 15:56:56,15:56:56,20137.23,20094.52284208,20.27,113796.29,0.0,0.0,0.0,0.010443237078177500,20137.23
2025-08-08 16:57:02,2025-08-08 16:57:02,16:57:02,20137.23,20094.52284208,20.27,113796.29,0.0,0.0,0.0,0.010443237078177500,20137.23
2025-08-08 17:57:08,2025-08-08 17:57:08,17:57:08,20137.23,20094.52284208,20.27,113796.29,0.0,0.0,0.0,0.010443237078177500,20137.23
2025-08-08 18:57:13,2025-08-08 18:57:13,18:57:13,20137.23,20094.52284208,20.27,113796.29,0.0,0.0,0.0,0.010443237078177500,20137.23
2025-08-08 19:57:18,2025-08-08 19:57:18,19:57:18,20137.23,20094.52284208,20.27,113796.29,0.0,0.0,0.0,0.010443237078177500,20137.23
2025-08-08 20:57:19,2025-08-08 20:57:19,20:57:19,20137.23,20094.52284208,20.27,113796.29,0.0,0.0,0.0,0.010443237078177500,20137.23
2025-08-08 21:57:30,2025-08-08 21:57:30,21:57:30,20137.23,20094.52284208,20.27,113796.29,0.0,0.0,0.0,0.010443237078177500,20137.23
2025-08-08 22:57:40,2025-08-08 22:57:40,22:57:40,20137.23,20094.52284208,20.27,113796.29,0.0,0.0,0.0,0.010443237078177500,20137.23
2025-08-08 23:57:49,2025-08-08 23:57:49,23:57:49,20137.23,20094.52284208,20.27,113796.29,0.0,0.0,0.0,0.010443237078177500,20137.23
2025-08-09 00:57:57,2025-08-09 00:57:57,00:57:57,20137.23,20094.52284208,20.27,113796.29,0.0,0.0,0.0,0.010443237078177500,20137.23
2025-08-09 01:58:07,2025-08-09 01:58:07,01:58:07,20137.23,20094.52284208,20.27,113796.29,0.0,0.0,0.0,0.010443237078177500,20137.23
2025-08-09 02:58:18,2025-08-09 02:58:18,02:58:18,20137.23,20094.52284208,20.27,113796.29,0.0,0.0,0.0,0.010443237078177500,20137.23
2025-08-09 03:58:27,2025-08-09 03:58:27,03:58:27,20137.23,20094.52284208,20.27,113796.29,0.0,0.0,0.0,0.010443237078177500,20137.23
2025-08-09 04:58:37,2025-08-09 04:58:37,04:58:37,20137.23,20094.52284208,20.27,113796.29,0.0,0.0,0.0,0.010443237078177500,20137.23
2025-08-09 05:58:47,2025-08-09 05:58:47,05:58:47,20137.23,20094.52284208,20.27,113796.29,0.0,0.0,0.0,0.010443237078177500,20137.23
2025-08-09 06:58:54,2025-08-09 06:58:54,06:58:54,20137.23,20094.52284208,20.27,113796.29,0.0,0.0,0.0,0.010443237078177500,20137.23
2025-08-09 07:58:55,2025-08-09 07:58:55,07:58:55,20137.23,20094.52284208,20.27,113796.29,0.0,0.0,0.0,0.010443237078177500,20137.23
2025-08-09 08:59:07,2025-08-09 08:59:07,08:59:07,20137.23,20094.52284208,20.27,113796.29,0.0,0.0,0.0,0.010443237078177500,20137.23
2025-08-09 09:59:20,2025-08-09 09:59:20,09:59:20,20137.23,20094.52284208,20.27,113796.29,0.0,0.0,0.0,0.010443237078177500,20137.23
2025-08-09 10:59:33,2025-08-09 10:59:33,10:59:33,20137.23,20094.52284208,20.27,113796.29,0.0,0.0,0.0,0.010443237078177500,20137.23
2025-08-09 11:59:46,2025-08-09 11:59:46,11:59:46,20137.23,20094.52284208,20.27,113796.29,0.0,0.0,0.0,0.010443237078177500,20137.23
2025-08-09 12:59:58,2025-08-09 12:59:58,12:59:58,20137.23,20094.52284208,20.27,113796.29,0.0,0.0,0.0,0.010443237078177500,20137.23
2025-08-09 14:00:11,2025-08-09 14:00:11,14:00:11,20137.23,20094.52284208,20.27,113796.29,0.0,0.0,0.0,0.010443237078177500,20137.23
2025-08-09 15:00:23,2025-08-09 15:00:23,15:00:23,20137.23,20094.52284208,20.27,113796.29,0.0,0.0,0.0,0.010443237078177500,20137.23
2025-08-09 16:00:33,2025-08-09 16:00:33,16:00:33,20137.23,20094.52284208,20.27,113796.29,0.0,0.0,0.0,0.010443237078177500,20137.23
2025-08-09 17:00:45,2025-08-09 17:00:45,17:00:45,20137.23,20094.52284208,20.27,113796.29,0.0,0.0,0.0,0.010443237078177500,20137.23
2025-08-09 18:00:56,2025-08-09 18:00:56,18:00:56,20137.23,20094.52284208,20.27,113796.29,0.0,0.0,0.0,0.010443237078177500,20137.23
2025-08-09 19:01:08,2025-08-09 19:01:08,19:01:08,20137.23,20094.52284208,20.27,113796.29,0.0,0.0,0.0,0.010443237078177500,20137.23
2025-08-09 20:01:20,2025-08-09 20:01:20,20:01:20,20137.23,20094.52284208,20.27,113796.29,0.0,0.0,0.0,0.010443237078177500,20137.23
2025-08-09 21:01:29,2025-08-09 21:01:29,21:01:29,20137.23,20094.52284208,20.27,113796.29,0.0,0.0,0.0,0.010443237078177500,20137.23
2025-08-09 22:01:36,2025-08-09 22:01:36,22:01:36,20137.23,20094.52284208,20.27,113796.29,0.0,0.0,0.0,0.010443237078177500,20137.23
2025-08-09 23:01:42,2025-08-09 23:01:42,23:01:42,20137.23,20094.52284208,20.27,113796.29,0.0,0.0,0.0,0.010443237078177500,20137.23
2025-08-10 00:01:47,2025-08-10 00:01:47,00:01:47,20137.23,20094.52284208,20.27,113796.29,0.0,0.0,0.0,0.010443237078177500,20137.23
2025-08-10 01:01:53,2025-08-10 01:01:53,01:01:53,20137.23,20094.52284208,20.27,113796.29,0.0,0.0,0.0,0.010443237078177500,20137.23
2025-08-10 02:02:00,2025-08-10 02:02:00,02:02:00,20137.23,20094.52284208,20.27,113796.29,0.0,0.0,0.0,0.010443237078177500,20137.23
2025-08-10 03:02:03,2025-08-10 03:02:03,03:02:03,20137.23,20094.52284208,20.27,113796.29,0.0,0.0,0.0,0.010443237078177500,20137.23
2025-08-10 04:02:07,2025-08-10 04:02:07,04:02:07,20137.23,20094.52284208,20.27,113796.29,0.0,0.0,0.0,0.010443237078177500,20137.23
2025-08-10 05:02:14,2025-08-10 05:02:14,05:02:14,20137.23,20094.52284208,20.27,113796.29,0.0,0.0,0.0,0.010443237078177500,20137.23
2025-08-10 06:02:20,2025-08-10 06:02:20,06:02:20,20137.23,20094.52284208,20.27,113796.29,0.0,0.0,0.0,0.010443237078177500,20137.23
2025-08-10 07:02:28,2025-08-10 07:02:28,07:02:28,20137.23,20094.52284208,20.27,113796.29,0.0,0.0,0.0,0.010443237078177500,20137.23
2025-08-10 08:02:39,2025-08-10 08:02:39,08:02:39,20137.23,20094.52284208,20.27,113796.29,0.0,0.0,0.0,0.010443237078177500,20137.23
2025-08-10 09:02:51,2025-08-10 09:02:51,09:02:51,20137.23,20094.52284208,20.27,113796.29,0.0,0.0,0.0,0.010443237078177500,20137.23
2025-08-10 10:03:05,2025-08-10 10:03:05,10:03:05,20137.23,20094.52284208,20.27,113796.29,0.0,0.0,0.0,0.010443237078177500,20137.23
2025-08-10 11:03:06,2025-08-10 11:03:06,11:03:06,20137.23,20094.52284208,20.27,113796.29,0.0,0.0,0.0,0.010443237078177500,20137.23
2025-08-10 12:03:07,2025-08-10 12:03:07,12:03:07,20137.23,20094.52284208,20.27,113796.29,0.0,0.0,0.0,0.010443237078177500,20137.23
2025-08-10 13:03:07,2025-08-10 13:03:07,13:03:07,20137.23,20094.52284208,20.27,113796.29,0.0,0.0,0.0,0.010443237078177500,20137.23
2025-08-10 14:03:11,2025-08-10 14:03:11,14:03:11,20137.23,20094.52284208,20.27,113796.29,0.0,0.0,0.0,0.010443237078177500,20137.23
2025-08-10 15:03:14,2025-08-10 15:03:14,15:03:14,20137.23,20094.52284208,20.27,113796.29,0.0,0.0,0.0,0.010443237078177500,20137.23
2025-08-10 16:03:28,2025-08-10 16:03:28,16:03:28,20137.23,20094.52284208,20.27,113796.29,0.0,0.0,0.0,0.010443237078177500,20137.23
2025-08-10 17:03:28,2025-08-10 17:03:28,17:03:28,20137.23,20094.52284208,20.27,113796.29,0.0,0.0,0.0,0.010443237078177500,20137.23
2025-08-10 18:03:32,2025-08-10 18:03:32,18:03:32,20137.23,20094.52284208,20.27,113796.29,0.0,0.0,0.0,0.010443237078177500,20137.23
2025-08-10 19:03:35,2025-08-10 19:03:35,19:03:35,20137.23,20094.52284208,20.27,113796.29,0.0,0.0,0.0,0.010443237078177500,20137.23
2025-08-10 20:03:36,2025-08-10 20:03:36,20:03:36,20137.23,20094.52284208,20.27,113796.29,0.0,0.0,0.0,0.010443237078177500,20137.23
2025-08-10 21:03:46,2025-08-10 21:03:46,21:03:46,20137.23,20094.52284208,20.27,113796.29,0.0,0.0,0.0,0.010443237078177500,20137.23
2025-08-10 22:03:55,2025-08-10 22:03:55,22:03:55,20137.23,20094.52284208,20.27,113796.29,0.0,0.0,0.0,0.010443237078177500,20137.23
2025-08-10 23:04:02,2025-08-10 23:04:02,23:04:02,20137.23,20094.52284208,20.27,113796.29,0.0,0.0,0.0,0.010443237078177500,20137.23
2025-08-11 00:04:10,2025-08-11 00:04:10,00:04:10,20137.23,20094.52284208,20.27,113796.29,0.0,0.0,0.0,0.010443237078177500,20137.23
2025-08-11 01:04:17,2025-08-11 01:04:17,01:04:17,20137.23,20094.52284208,20.27,113796.29,0.0,0.0,0.0,0.010443237078177500,20137.23
2025-08-11 02:04:27,2025-08-11 02:04:27,02:04:27,20137.23,20094.52284208,20.27,113796.29,0.0,0.0,0.0,0.010443237078177500,20137.23
2025-08-11 03:04:38,2025-08-11 03:04:38,03:04:38,20137.23,20094.52284208,20.27,113796.29,0.0,0.0,0.0,0.010443237078177500,20137.23
2025-08-11 04:04:47,2025-08-11 04:04:47,04:04:47,20137.23,20094.52284208,20.27,113796.29,0.0,0.0,0.0,0.010443237078177500,20137.23
2025-08-11 05:05:01,2025-08-11 05:05:01,05:05:01,20137.23,20094.52284208,20.27,113796.29,0.0,0.0,0.0,0.010443237078177500,20137.23
2025-08-11 06:05:05,2025-08-11 06:05:05,06:05:05,20137.23,20094.52284208,20.27,113796.29,0.0,0.0,0.0,0.010443237078177500,20137.23
2025-08-11 07:05:12,2025-08-11 07:05:12,07:05:12,20137.23,20094.52284208,20.27,113796.29,0.0,0.0,0.0,0.010443237078177500,20137.23
2025-08-11 08:05:23,2025-08-11 08:05:23,08:05:23,20137.23,20094.52284208,20.27,113796.29,0.0,0.0,0.0,0.010443237078177500,20137.23
2025-08-11 09:05:34,2025-08-11 09:05:34,09:05:34,20137.23,20094.52284208,20.27,113796.29,0.0,0.0,0.0,0.010443237078177500,20137.23
2025-08-11 10:05:44,2025-08-11 10:05:44,10:05:44,20137.23,20094.52284208,20.27,113796.29,0.0,0.0,0.0,0.010443237078177500,20137.23
2025-08-11 11:05:51,2025-08-11 11:05:51,11:05:51,20137.23,20094.52284208,20.27,113796.29,0.0,0.0,0.0,0.010443237078177500,20137.23
2025-08-11 12:06:00,2025-08-11 12:06:00,12:06:00,20137.23,20094.52284208,20.27,113796.29,0.0,0.0,0.0,0.010443237078177500,20137.23
2025-08-11 13:06:12,2025-08-11 13:06:12,13:06:12,20137.23,20094.52284208,20.27,113796.29,0.0,0.0,0.0,0.010443237078177500,20137.23
2025-08-11 14:06:20,2025-08-11 14:06:20,14:06:20,20137.23,20094.52284208,20.27,113796.29,0.0,0.0,0.0,0.010443237078177500,20137.23
2025-08-11 15:06:24,2025-08-11 15:06:24,15:06:24,20137.23,20094.52284208,20.27,113796.29,0.0,0.0,0.0,0.010443237078177500,20137.23
2025-08-11 16:06:29,2025-08-11 16:06:29,16:06:29,20137.23,20094.52284208,20.27,113796.29,0.0,0.0,0.0,0.010443237078177500,20137.23
2025-08-11 17:06:33,2025-08-11 17:06:33,17:06:33,20137.23,20094.52284208,20.27,113796.29,0.0,0.0,0.0,0.010443237078177500,20137.23
2025-08-11 18:06:42,2025-08-11 18:06:42,18:06:42,20137.23,20094.52284208,20.27,113796.29,0.0,0.0,0.0,0.010443237078177500,20137.23
2025-08-11 19:06:47,2025-08-11 19:06:47,19:06:47,20137.23,20094.52284208,20.27,113796.29,0.0,0.0,0.0,0.010443237078177500,20137.23
2025-08-11 20:06:48,2025-08-11 20:06:48,20:06:48,20137.23,20094.52284208,20.27,113796.29,0.0,0.0,0.0,0.010443237078177500,20137.23
2025-08-11 21:07:00,2025-08-11 21:07:00,21:07:00,20137.23,20094.52284208,20.27,113796.29,0.0,0.0,0.0,0.010443237078177500,20137.23
2025-08-11 22:07:03,2025-08-11 22:07:03,22:07:03,20137.23,20094.52284208,20.27,113796.29,0.0,0.0,0.0,0.010443237078177500,20137.23
2025-08-11 23:07:10,2025-08-11 23:07:10,23:07:10,20137.23,20094.52284208,20.27,113796.29,0.0,0.0,0.0,0.010443237078177500,20137.23
2025-08-12 00:07:17,2025-08-12 00:07:17,00:07:17,20137.23,20094.52284208,20.27,113796.29,0.0,0.0,0.0,0.010443237078177500,20137.23
2025-08-12 01:07:26,2025-08-12 01:07:26,01:07:26,20137.23,20094.52284208,20.27,113796.29,0.0,0.0,0.0,0.010443237078177500,20137.23
2025-08-12 02:07:36,2025-08-12 02:07:36,02:07:36,20137.23,20094.52284208,20.27,113796.29,0.0,0.0,0.0,0.010443237078177500,20137.23
2025-08-12 03:07:43,2025-08-12 03:07:43,03:07:43,20137.23,20094.52284208,20.27,113796.29,0.0,0.0,0.0,0.010443237078177500,20137.23
2025-08-12 04:07:52,2025-08-12 04:07:52,04:07:52,20137.23,20094.52284208,20.27,113796.29,0.0,0.0,0.0,0.010443237078177500,20137.23
2025-08-12 05:08:05,2025-08-12 05:08:05,05:08:05,20137.23,20094.52284208,20.27,113796.29,0.0,0.0,0.0,0.010443237078177500,20137.23
2025-08-12 06:08:10,2025-08-12 06:08:10,06:08:10,20137.23,20094.52284208,20.27,113796.29,0.0,0.0,0.0,0.010443237078177500,20137.23
2025-08-12 07:08:21,2025-08-12 07:08:21,07:08:21,20137.23,20094.52284208,20.27,113796.29,0.0,0.0,0.0,0.010443237078177500,20137.23
2025-08-12 08:08:32,2025-08-12 08:08:32,08:08:32,20137.23,20094.52284208,20.27,113796.29,0.0,0.0,0.0,0.010443237078177500,20137.23
2025-08-12 09:08:40,2025-08-12 09:08:40,09:08:40,20137.23,20094.52284208,20.27,113796.29,0.0,0.0,0.0,0.010443237078177500,20137.23
2025-08-12 10:08:48,2025-08-12 10:08:48,10:08:48,20137.23,20094.52284208,20.27,113796.29,0.0,0.0,0.0,0.010443237078177500,20137.23
2025-08-12 11:08:57,2025-08-12 11:08:57,11:08:57,20137.23,20094.52284208,20.27,113796.29,0.0,0.0,0.0,0.010443237078177500,20137.23
2025-08-12 12:09:09,2025-08-12 12:09:09,12:09:09,20137.23,20094.52284208,20.27,113796.29,0.0,0.0,0.0,0.010443237078177500,20137.23
2025-08-12 13:09:19,2025-08-12 13:09:19,13:09:19,20137.23,20094.52284208,20.27,113796.29,0.0,0.0,0.0,0.010443237078177500,20137.23
2025-08-12 14:09:30,2025-08-12 14:09:30,14:09:30,20137.23,20094.52284208,20.27,113796.29,0.0,0.0,0.0,0.010443237078177500,20137.23
2025-08-12 15:09:37,2025-08-12 15:09:37,15:09:37,20137.23,20094.52284208,20.27,113796.29,0.0,0.0,0.0,0.010443237078177500,20137.23
2025-08-12 16:09:45,2025-08-12 16:09:45,16:09:45,20137.23,20094.52284208,20.27,113796.29,0.0,0.0,0.0,0.010443237078177500,20137.23
2025-08-12 17:09:52,2025-08-12 17:09:52,17:09:52,20137.23,20094.52284208,20.27,113796.29,0.0,0.0,0.0,0.010443237078177500,20137.23
2025-08-12 18:10:00,2025-08-12 18:10:00,18:10:00,20137.23,20094.52284208,20.27,113796.29,0.0,0.0,0.0,0.010443237078177500,20137.23
2025-08-12 19:10:07,2025-08-12 19:10:07,19:10:07,20137.23,20094.52284208,20.27,113796.29,0.0,0.0,0.0,0.010443237078177500,20137.23
2025-08-12 20:10:11,2025-08-12 20:10:11,20:10:11,20137.23,20094.52284208,20.27,113796.29,0.0,0.0,0.0,0.010443237078177500,20137.23
2025-08-12 21:10:22,2025-08-12 21:10:22,21:10:22,20137.23,20094.52284208,20.27,113796.29,0.0,0.0,0.0,0.010443237078177500,20137.23
2025-08-12 22:10:29,2025-08-12 22:10:29,22:10:29,20137.23,20094.52284208,20.27,113796.29,0.0,0.0,0.0,0.010443237078177500,20137.23
2025-08-12 23:10:38,2025-08-12 23:10:38,23:10:38,20137.23,20094.52284208,20.27,113796.29,0.0,0.0,0.0,0.010443237078177500,20137.23
2025-08-13 00:10:45,2025-08-13 00:10:45,00:10:45,20137.23,20094.52284208,20.27,113796.29,0.0,0.0,0.0,0.010443237078177500,20137.23
2025-08-13 01:10:53,2025-08-13 01:10:53,01:10:53,20137.23,20094.52284208,20.27,113796.29,0.0,0.0,0.0,0.010443237078177500,20137.23
2025-08-13 02:11:02,2025-08-13 02:11:02,02:11:02,20137.23,20094.52284208,20.27,113796.29,0.0,0.0,0.0,0.010443237078177500,20137.23
2025-08-13 03:11:09,2025-08-13 03:11:09,03:11:09,20137.23,20094.52284208,20.27,113796.29,0.0,0.0,0.0,0.010443237078177500,20137.23
2025-08-13 04:11:18,2025-08-13 04:11:18,04:11:18,20137.23,20094.52284208,20.27,113796.29,0.0,0.0,0.0,0.010443237078177500,20137.23
2025-08-13 05:11:31,2025-08-13 05:11:31,05:11:31,20137.23,20094.52284208,20.27,113796.29,0.0,0.0,0.0,0.010443237078177500,20137.23
2025-08-13 06:11:32,2025-08-13 06:11:32,06:11:32,20137.23,20094.52284208,20.27,113796.29,0.0,0.0,0.0,0.010443237078177500,20137.23
2025-08-13 07:11:45,2025-08-13 07:11:45,07:11:45,20137.23,20094.52284208,20.27,113796.29,0.0,0.0,0.0,0.010443237078177500,20137.23
2025-08-13 08:11:56,2025-08-13 08:11:56,08:11:56,20137.23,20094.52284208,20.27,113796.29,0.0,0.0,0.0,0.010443237078177500,20137.23
2025-08-13 09:12:06,2025-08-13 09:12:06,09:12:06,20137.23,20094.52284208,20.27,113796.29,0.0,0.0,0.0,0.010443237078177500,20137.23
2025-08-13 10:12:07,2025-08-13 10:12:07,10:12:07,20137.23,20094.52284208,20.27,113796.29,0.0,0.0,0.0,0.010443237078177500,20137.23
2025-08-13 11:12:20,2025-08-13 11:12:20,11:12:20,20137.23,20094.52284208,20.27,113796.29,0.0,0.0,0.0,0.010443237078177500,20137.23
2025-08-13 12:12:33,2025-08-13 12:12:33,12:12:33,20137.23,20094.52284208,20.27,113796.29,0.0,0.0,0.0,0.010443237078177500,20137.23
2025-08-13 13:12:43,2025-08-13 13:12:43,13:12:43,20137.23,20094.52284208,20.27,113796.29,0.0,0.0,0.0,0.010443237078177500,20137.23
2025-08-13 14:12:53,2025-08-13 14:12:53,14:12:53,20137.23,20094.52284208,20.27,113796.29,0.0,0.0,0.0,0.010443237078177500,20137.23
2025-08-13 15:13:02,2025-08-13 15:13:02,15:13:02,20137.23,20094.52284208,20.27,113796.29,0.0,0.0,0.0,0.010443237078177500,20137.23
2025-08-13 16:13:06,2025-08-13 16:13:06,16:13:06,20137.23,20094.52284208,20.27,113796.29,0.0,0.0,0.0,0.010443237078177500,20137.23
2025-08-13 17:13:12,2025-08-13 17:13:12,17:13:12,20137.23,20094.52284208,20.27,113796.29,0.0,0.0,0.0,0.010443237078177500,20137.23
2025-08-13 18:13:18,2025-08-13 18:13:18,18:13:18,20137.23,20094.52284208,20.27,113796.29,0.0,0.0,0.0,0.010443237078177500,20137.23
2025-08-13 19:13:25,2025-08-13 19:13:25,19:13:25,20137.23,20094.52284208,20.27,113796.29,0.0,0.0,0.0,0.010443237078177500,20137.23
2025-08-13 20:13:29,2025-08-13 20:13:29,20:13:29,20137.23,20094.52284208,20.27,113796.29,0.0,0.0,0.0,0.010443237078177500,20137.23
2025-08-13 21:13:40,2025-08-13 21:13:40,21:13:40,20137.23,20094.52284208,20.27,113796.29,0.0,0.0,0.0,0.010443237078177500,20137.23
2025-08-13 22:13:48,2025-08-13 22:13:48,22:13:48,20137.23,20094.52284208,20.27,113796.29,0.0,0.0,0.0,0.010443237078177500,20137.23
2025-08-13 23:13:55,2025-08-13 23:13:55,23:13:55,20137.23,20094.52284208,20.27,113796.29,0.0,0.0,0.0,0.010443237078177500,20137.23
2025-08-14 00:14:01,2025-08-14 00:14:01,00:14:01,20137.23,20094.52284208,20.27,113796.29,0.0,0.0,0.0,0.010443237078177500,20137.23
2025-08-14 01:14:07,2025-08-14 01:14:07,01:14:07,20137.23,20094.52284208,20.27,113796.29,0.0,0.0,0.0,0.010443237078177500,20137.23
2025-08-14 02:14:13,2025-08-14 02:14:13,02:14:13,20137.23,20094.52284208,20.27,113796.29,0.0,0.0,0.0,0.010443237078177500,20137.23
2025-08-14 03:14:18,2025-08-14 03:14:18,03:14:18,20137.23,20094.52284208,20.27,113796.29,0.0,0.0,0.0,0.010443237078177500,20137.23
2025-08-14 04:14:27,2025-08-14 04:14:27,04:14:27,20137.23,20094.52284208,20.27,113796.29,0.0,0.0,0.0,0.010443237078177500,20137.23
2025-08-14 05:14:27,2025-08-14 05:14:27,05:14:27,20137.23,20094.52284208,20.27,113796.29,0.0,0.0,0.0,0.010443237078177500,20137.23
2025-08-14 06:14:29,2025-08-14 06:14:29,06:14:29,20137.23,20094.52284208,20.27,113796.29,0.0,0.0,0.0,0.010443237078177500,20137.23
2025-08-14 07:14:40,2025-08-14 07:14:40,07:14:40,20137.23,20094.52284208,20.27,113796.29,0.0,0.0,0.0,0.010443237078177500,20137.23
2025-08-14 08:14:52,2025-08-14 08:14:52,08:14:52,20137.23,20094.52284208,20.27,113796.29,0.0,0.0,0.0,0.010443237078177500,20137.23
2025-08-14 09:15:04,2025-08-14 09:15:04,09:15:04,20137.23,20094.52284208,20.27,113796.29,0.0,0.0,0.0,0.010443237078177500,20137.23
2025-08-14 10:15:03,2025-08-14 10:15:03,10:15:03,20137.23,20094.52284208,20.27,113796.29,0.0,0.0,0.0,0.010443237078177500,20137.23
2025-08-14 11:15:08,2025-08-14 11:15:08,11:15:08,20137.23,20094.52284208,20.27,113796.29,0.0,0.0,0.0,0.010443237078177500,20137.23
2025-08-14 12:15:21,2025-08-14 12:15:21,12:15:21,20137.23,20094.52284208,20.27,113796.29,0.0,0.0,0.0,0.010443237078177500,20137.23
2025-08-14 13:15:29,2025-08-14 13:15:29,13:15:29,20137.23,20094.52284208,20.27,113796.29,0.0,0.0,0.0,0.010443237078177500,20137.23
2025-08-14 14:15:31,2025-08-14 14:15:31,14:15:31,20137.23,20094.52284208,20.27,113796.29,0.0,0.0,0.0,0.010443237078177500,20137.23
2025-08-14 15:15:42,2025-08-14 15:15:42,15:15:42,20137.23,20094.52284208,20.27,113796.29,0.0,0.0,0.0,0.010443237078177500,20137.23
2025-08-14 16:15:55,2025-08-14 16:15:55,16:15:55,20137.23,20094.52284208,20.27,113796.29,0.0,0.0,0.0,0.010443237078177500,20137.23
2025-08-14 17:16:10,2025-08-14 17:16:10,17:16:10,20137.23,20094.52284208,20.27,113796.29,0.0,0.0,0.0,0.010443237078177500,20137.23
2025-08-14 18:16:09,2025-08-14 18:16:09,18:16:09,20137.23,20094.52284208,20.27,113796.29,0.0,0.0,0.0,0.010443237078177500,20137.23
2025-08-14 19:16:22,2025-08-14 19:16:22,19:16:22,20137.23,20094.52284208,20.27,113796.29,0.0,0.0,0.0,0.010443237078177500,20137.23
2025-08-14 20:16:34,2025-08-14 20:16:34,20:16:34,20137.23,20094.52284208,20.27,113796.29,0.0,0.0,0.0,0.010443237078177500,20137.23
2025-08-14 21:16:40,2025-08-14 21:16:40,21:16:40,20137.23,20094.52284208,20.27,113796.29,0.0,0.0,0.0,0.010443237078177500,20137.23
2025-08-14 22:16:42,2025-08-14 22:16:42,22:16:42,20137.23,20094.52284208,20.27,113796.29,0.0,0.0,0.0,0.010443237078177500,20137.23
2025-08-14 23:16:42,2025-08-14 23:16:42,23:16:42,20137.23,20094.52284208,20.27,113796.29,0.0,0.0,0.0,0.010443237078177500,20137.23
2025-08-15 00:16:55,2025-08-15 00:16:55,00:16:55,20137.23,20094.52284208,20.27,113796.29,0.0,0.0,0.0,0.010443237078177500,20137.23
2025-08-15 01:17:05,2025-08-15 01:17:05,01:17:05,20137.23,20094.52284208,20.27,113796.29,0.0,0.0,0.0,0.010443237078177500,20137.23
2025-08-15 02:17:15,2025-08-15 02:17:15,02:17:15,20137.23,20094.52284208,20.27,113796.29,0.0,0.0,0.0,0.010443237078177500,20137.23
2025-08-15 03:17:24,2025-08-15 03:17:24,03:17:24,20137.23,20094.52284208,20.27,113796.29,0.0,0.0,0.0,0.010443237078177500,20137.23
2025-08-15 04:17:37,2025-08-15 04:17:37,04:17:37,20137.23,20094.52284208,20.27,113796.29,0.0,0.0,0.0,0.010443237078177500,20137.23
2025-08-15 05:17:39,2025-08-15 05:17:39,05:17:39,20137.23,20094.52284208,20.27,113796.29,0.0,0.0,0.0,0.010443237078177500,20137.23
2025-08-15 06:17:45,2025-08-15 06:17:45,06:17:45,20137.23,20094.52284208,20.27,113796.29,0.0,0.0,0.0,0.010443237078177500,20137.23
2025-08-15 07:17:56,2025-08-15 07:17:56,07:17:56,20137.23,20094.52284208,20.27,113796.29,0.0,0.0,0.0,0.010443237078177500,20137.23
2025-08-15 08:18:06,2025-08-15 08:18:06,08:18:06,20137.23,20094.52284208,20.27,113796.29,0.0,0.0,0.0,0.010443237078177500,20137.23
2025-08-15 09:18:18,2025-08-15 09:18:18,09:18:18,20137.23,20094.52284208,20.27,113796.29,0.0,0.0,0.0,0.010443237078177500,20137.23
2025-08-15 10:18:30,2025-08-15 10:18:30,10:18:30,20137.23,20094.52284208,20.27,113796.29,0.0,0.0,0.0,0.010443237078177500,20137.23
2025-08-15 11:18:43,2025-08-15 11:18:43,11:18:43,20137.23,20094.52284208,20.27,113796.29,0.0,0.0,0.0,0.010443237078177500,20137.23
2025-08-15 12:18:56,2025-08-15 12:18:56,12:18:56,20137.23,20094.52284208,20.27,113796.29,0.0,0.0,0.0,0.010443237078177500,20137.23
2025-08-15 13:18:56,2025-08-15 13:18:56,13:18:56,20137.23,20094.52284208,20.27,113796.29,0.0,0.0,0.0,0.010443237078177500,20137.23
2025-08-15 14:19:09,2025-08-15 14:19:09,14:19:09,20137.23,20094.52284208,20.27,113796.29,0.0,0.0,0.0,0.010443237078177500,20137.23
2025-08-15 15:19:15,2025-08-15 15:19:15,15:19:15,20137.23,20094.52284208,20.27,113796.29,0.0,0.0,0.0,0.010443237078177500,20137.23
2025-08-15 16:19:21,2025-08-15 16:19:21,16:19:21,20137.23,20094.52284208,20.27,113796.29,0.0,0.0,0.0,0.010443237078177500,20137.23
2025-08-15 17:19:27,2025-08-15 17:19:27,17:19:27,20137.23,20094.52284208,20.27,113796.29,0.0,0.0,0.0,0.010443237078177500,20137.23
2025-08-15 18:19:32,2025-08-15 18:19:32,18:19:32,20137.23,20094.52284208,20.27,113796.29,0.0,0.0,0.0,0.010443237078177500,20137.23
2025-08-15 19:19:37,2025-08-15 19:19:37,19:19:37,20137.23,20094.52284208,20.27,113796.29,0.0,0.0,0.0,0.010443237078177500,20137.23
2025-08-15 20:19:38,2025-08-15 20:19:38,20:19:38,20137.23,20094.52284208,20.27,113796.29,0.0,0.0,0.0,0.010443237078177500,20137.23
2025-08-15 21:19:52,2025-08-15 21:19:52,21:19:52,20137.23,20094.52284208,20.27,113796.29,0.0,0.0,0.0,0.010443237078177500,20137.23
2025-08-15 22:20:02,2025-08-15 22:20:02,22:20:02,20137.23,20094.52284208,20.27,113796.29,0.0,0.0,0.0,0.010443237078177500,20137.23
2025-08-15 23:20:10,2025-08-15 23:20:10,23:20:10,20137.23,20094.52284208,20.27,113796.29,0.0,0.0,0.0,0.010443237078177500,20137.23
2025-08-16 00:20:16,2025-08-16 00:20:16,00:20:16,20137.23,20094.52284208,20.27,113796.29,0.0,0.0,0.0,0.010443237078177500,20137.23
2025-08-16 01:20:21,2025-08-16 01:20:21,01:20:21,20137.23,20094.52284208,20.27,113796.29,0.0,0.0,0.0,0.010443237078177500,20137.23
2025-08-16 02:20:29,2025-08-16 02:20:29,02:20:29,20137.23,20094.52284208,20.27,113796.29,0.0,0.0,0.0,0.010443237078177500,20137.23
2025-08-16 03:20:35,2025-08-16 03:20:35,03:20:35,20137.23,20094.52284208,20.27,113796.29,0.0,0.0,0.0,0.010443237078177500,20137.23
2025-08-16 04:20:40,2025-08-16 04:20:40,04:20:40,20137.23,20094.52284208,20.27,113796.29,0.0,0.0,0.0,0.010443237078177500,20137.23
2025-08-16 05:20:46,2025-08-16 05:20:46,05:20:46,20137.23,20094.52284208,20.27,113796.29,0.0,0.0,0.0,0.010443237078177500,20137.23
2025-08-16 06:20:55,2025-08-16 06:20:55,06:20:55,20137.23,20094.52284208,20.27,113796.29,0.0,0.0,0.0,0.010443237078177500,20137.23
2025-08-16 07:20:56,2025-08-16 07:20:56,07:20:56,20137.23,20094.52284208,20.27,113796.29,0.0,0.0,0.0,0.010443237078177500,20137.23
2025-08-16 08:20:59,2025-08-16 08:20:59,08:20:59,20137.23,20094.52284208,20.27,113796.29,0.0,0.0,0.0,0.010443237078177500,20137.23
2025-08-16 09:21:02,2025-08-16 09:21:02,09:21:02,20137.23,20094.52284208,20.27,113796.29,0.0,0.0,0.0,0.010443237078177500,20137.23
2025-08-16 10:21:04,2025-08-16 10:21:04,10:21:04,20137.23,20094.52284208,20.27,113796.29,0.0,0.0,0.0,0.010443237078177500,20137.23
2025-08-16 11:21:09,2025-08-16 11:21:09,11:21:09,20137.23,20094.52284208,20.27,113796.29,0.0,0.0,0.0,0.010443237078177500,20137.23
2025-08-16 12:21:14,2025-08-16 12:21:14,12:21:14,20137.23,20094.52284208,20.27,113796.29,0.0,0.0,0.0,0.010443237078177500,20137.23
2025-08-16 13:21:18,2025-08-16 13:21:18,13:21:18,20137.23,20094.52284208,20.27,113796.29,0.0,0.0,0.0,0.010443237078177500,20137.23
2025-08-16 14:21:21,2025-08-16 14:21:21,14:21:21,20137.23,20094.52284208,20.27,113796.29,0.0,0.0,0.0,0.010443237078177500,20137.23
2025-08-16 15:21:24,2025-08-16 15:21:24,15:21:24,20137.23,20094.52284208,20.27,113796.29,0.0,0.0,0.0,0.010443237078177500,20137.23
2025-08-16 16:21:26,2025-08-16 16:21:26,16:21:26,20137.23,20094.52284208,20.27,113796.29,0.0,0.0,0.0,0.010443237078177500,20137.23
2025-08-16 17:21:28,2025-08-16 17:21:28,17:21:28,20137.23,20094.52284208,20.27,113796.29,0.0,0.0,0.0,0.010443237078177500,20137.23
2025-08-16 18:21:32,2025-08-16 18:21:32,18:21:32,20137.23,20094.52284208,20.27,113796.29,0.0,0.0,0.0,0.010443237078177500,20137.23
2025-08-16 19:21:36,2025-08-16 19:21:36,19:21:36,20137.23,20094.52284208,20.27,113796.29,0.0,0.0,0.0,0.010443237078177500,20137.23
2025-08-16 20:21:39,2025-08-16 20:21:39,20:21:39,20137.23,20094.52284208,20.27,113796.29,0.0,0.0,0.0,0.010443237078177500,20137.23
2025-08-16 21:21:53,2025-08-16 21:21:53,21:21:53,20137.23,20094.52284208,20.27,113796.29,0.0,0.0,0.0,0.010443237078177500,20137.23
2025-08-16 22:22:04,2025-08-16 22:22:04,22:22:04,20137.23,20094.52284208,20.27,113796.29,0.0,0.0,0.0,0.010443237078177500,20137.23
2025-08-16 23:22:12,2025-08-16 23:22:12,23:22:12,20137.23,20094.52284208,20.27,113796.29,0.0,0.0,0.0,0.010443237078177500,20137.23
2025-08-17 00:22:20,2025-08-17 00:22:20,00:22:20,20137.23,20094.52284208,20.27,113796.29,0.0,0.0,0.0,0.010443237078177500,20137.23
2025-08-17 01:22:25,2025-08-17 01:22:25,01:22:25,20137.23,20094.52284208,20.27,113796.29,0.0,0.0,0.0,0.010443237078177500,20137.23
2025-08-17 02:22:31,2025-08-17 02:22:31,02:22:31,20137.23,20094.52284208,20.27,113796.29,0.0,0.0,0.0,0.010443237078177500,20137.23
2025-08-17 03:22:39,2025-08-17 03:22:39,03:22:39,20137.23,20094.52284208,20.27,113796.29,0.0,0.0,0.0,0.010443237078177500,20137.23
2025-08-17 04:22:45,2025-08-17 04:22:45,04:22:45,20137.23,20094.52284208,20.27,113796.29,0.0,0.0,0.0,0.010443237078177500,20137.23
2025-08-17 05:22:55,2025-08-17 05:22:55,05:22:55,20137.23,20094.52284208,20.27,113796.29,0.0,0.0,0.0,0.010443237078177500,20137.23
2025-08-17 06:23:05,2025-08-17 06:23:05,06:23:05,20137.23,20094.52284208,20.27,113796.29,0.0,0.0,0.0,0.010443237078177500,20137.23
2025-08-17 07:23:14,2025-08-17 07:23:14,07:23:14,20137.23,20094.52284208,20.27,113796.29,0.0,0.0,0.0,0.010443237078177500,20137.23
2025-08-17 08:23:17,2025-08-17 08:23:17,08:23:17,20137.23,20094.52284208,20.27,113796.29,0.0,0.0,0.0,0.010443237078177500,20137.23
2025-08-17 09:23:22,2025-08-17 09:23:22,09:23:22,20137.23,20094.52284208,20.27,113796.29,0.0,0.0,0.0,0.010443237078177500,20137.23
2025-08-17 10:23:28,2025-08-17 10:23:28,10:23:28,20137.23,20094.52284208,20.27,113796.29,0.0,0.0,0.0,0.010443237078177500,20137.23
2025-08-17 11:23:35,2025-08-17 11:23:35,11:23:35,20137.23,20094.52284208,20.27,113796.29,0.0,0.0,0.0,0.010443237078177500,20137.23
2025-08-17 12:23:43,2025-08-17 12:23:43,12:23:43,20137.23,20094.52284208,20.27,113796.29,0.0,0.0,0.0,0.010443237078177500,20137.23
2025-08-17 13:23:50,2025-08-17 13:23:50,13:23:50,20137.23,20094.52284208,20.27,113796.29,0.0,0.0,0.0,0.010443237078177500,20137.23
2025-08-17 14:23:57,2025-08-17 14:23:57,14:23:57,20137.23,20094.52284208,20.27,113796.29,0.0,0.0,0.0,0.010443237078177500,20137.23
2025-08-17 15:24:03,2025-08-17 15:24:03,15:24:03,20137.23,20094.52284208,20.27,113796.29,0.0,0.0,0.0,0.010443237078177500,20137.23
2025-08-17 16:24:08,2025-08-17 16:24:08,16:24:08,20137.23,20094.52284208,20.27,113796.29,0.0,0.0,0.0,0.010443237078177500,20137.23
2025-08-17 17:24:14,2025-08-17 17:24:14,17:24:14,20137.23,20094.52284208,20.27,113796.29,0.0,0.0,0.0,0.010443237078177500,20137.23
2025-08-17 18:24:20,2025-08-17 18:24:20,18:24:20,20137.23,20094.52284208,20.27,113796.29,0.0,0.0,0.0,0.010443237078177500,20137.23
2025-08-17 19:24:27,2025-08-17 19:24:27,19:24:27,20137.23,20094.52284208,20.27,113796.29,0.0,0.0,0.0,0.010443237078177500,20137.23
2025-08-17 20:24:32,2025-08-17 20:24:32,20:24:32,20137.23,20094.52284208,20.27,113796.29,0.0,0.0,0.0,0.010443237078177500,20137.23
2025-08-17 21:24:45,2025-08-17 21:24:45,21:24:45,20137.23,20094.52284208,20.27,113796.29,0.0,0.0,0.0,0.010443237078177500,20137.23
2025-08-17 22:24:57,2025-08-17 22:24:57,22:24:57,20137.23,20094.52284208,20.27,113796.29,0.0,0.0,0.0,0.010443237078177500,20137.23
2025-08-17 23:24:57,2025-08-17 23:24:57,23:24:57,20137.23,20094.52284208,20.27,113796.29,0.0,0.0,0.0,0.010443237078177500,20137.23
2025-08-18 00:25:05,2025-08-18 00:25:05,00:25:05,20137.23,20094.52284208,20.27,113796.29,0.0,0.0,0.0,0.010443237078177500,20137.23
2025-08-18 01:25:13,2025-08-18 01:25:13,01:25:13,20137.23,20094.52284208,20.27,113796.29,0.0,0.0,0.0,0.010443237078177500,20137.23
2025-08-18 02:25:20,2025-08-18 02:25:20,02:25:20,20137.23,20094.52284208,20.27,113796.29,0.0,0.0,0.0,0.010443237078177500,20137.23
2025-08-18 03:25:29,2025-08-18 03:25:29,03:25:29,20137.23,20094.52284208,20.27,113796.29,0.0,0.0,0.0,0.010443237078177500,20137.23
2025-08-18 04:25:39,2025-08-18 04:25:39,04:25:39,20137.23,20094.52284208,20.27,113796.29,0.0,0.0,0.0,0.010443237078177500,20137.23
2025-08-18 05:25:39,2025-08-18 05:25:39,05:25:39,20137.23,20094.52284208,20.27,113796.29,0.0,0.0,0.0,0.010443237078177500,20137.23
2025-08-18 06:25:46,2025-08-18 06:25:46,06:25:46,20137.23,20094.52284208,20.27,113796.29,0.0,0.0,0.0,0.010443237078177500,20137.23
2025-08-18 07:25:57,2025-08-18 07:25:57,07:25:57,20137.23,20094.52284208,20.27,113796.29,0.0,0.0,0.0,0.010443237078177500,20137.23
2025-08-18 08:26:09,2025-08-18 08:26:09,08:26:09,20137.23,20094.52284208,20.27,113796.29,0.0,0.0,0.0,0.010443237078177500,20137.23
2025-08-18 09:26:11,2025-08-18 09:26:11,09:26:11,20137.23,20094.52284208,20.27,113796.29,0.0,0.0,0.0,0.010443237078177500,20137.23
2025-08-18 10:26:16,2025-08-18 10:26:16,10:26:16,20137.23,20094.52284208,20.27,113796.29,0.0,0.0,0.0,0.010443237078177500,20137.23
2025-08-18 11:26:29,2025-08-18 11:26:29,11:26:29,20137.23,20094.52284208,20.27,113796.29,0.0,0.0,0.0,0.010443237078177500,20137.23
2025-08-18 12:26:40,2025-08-18 12:26:40,12:26:40,20137.23,20094.52284208,20.27,113796.29,0.0,0.0,0.0,0.010443237078177500,20137.23
2025-08-18 13:26:50,2025-08-18 13:26:50,13:26:50,20137.23,20094.52284208,20.27,113796.29,0.0,0.0,0.0,0.010443237078177500,20137.23
2025-08-18 14:26:52,2025-08-18 14:26:52,14:26:52,20137.23,20094.52284208,20.27,113796.29,0.0,0.0,0.0,0.010443237078177500,20137.23
2025-08-18 15:27:05,2025-08-18 15:27:05,15:27:05,20137.23,20094.52284208,20.27,113796.29,0.0,0.0,0.0,0.010443237078177500,20137.23
2025-08-18 16:27:18,2025-08-18 16:27:18,16:27:18,20137.23,20094.52284208,20.27,113796.29,0.0,0.0,0.0,0.010443237078177500,20137.23
2025-08-18 17:27:28,2025-08-18 17:27:28,17:27:28,20137.23,20094.52284208,20.27,113796.29,0.0,0.0,0.0,0.010443237078177500,20137.23
2025-08-18 18:27:41,2025-08-18 18:27:41,18:27:41,20137.23,20094.52284208,20.27,113796.29,0.0,0.0,0.0,0.010443237078177500,20137.23
2025-08-18 19:27:41,2025-08-18 19:27:41,19:27:41,20137.23,20094.52284208,20.27,113796.29,0.0,0.0,0.0,0.010443237078177500,20137.23
2025-08-18 20:27:50,2025-08-18 20:27:50,20:27:50,20137.23,20094.52284208,20.27,113796.29,0.0,0.0,0.0,0.010443237078177500,20137.23
2025-08-18 21:43:38,2025-08-18 21:43:38,21:43:38,20137.23,20094.52284208,20.27,113796.29,0.0,0.0,0.0,0.010443237078177500,20137.23
2025-08-18 22:34:49,2025-08-18 22:34:49,22:34:49,20137.23,20094.52284208,20.27,113796.29,0.0,0.0,0.0,0.010443237078177500,20137.23
2025-08-18 23:35:02,2025-08-18 23:35:02,23:35:02,20137.23,20094.52284208,20.27,113796.29,0.0,0.0,0.0,0.010443237078177500,20137.23
2025-08-19 00:35:10,2025-08-19 00:35:10,00:35:10,20137.23,20094.52284208,20.27,113796.29,0.0,0.0,0.0,0.010443237078177500,20137.23
2025-08-19 01:35:19,2025-08-19 01:35:19,01:35:19,20137.23,20094.52284208,20.27,113796.29,0.0,0.0,0.0,0.010443237078177500,20137.23
2025-08-19 02:35:28,2025-08-19 02:35:28,02:35:28,20137.23,20094.52284208,20.27,113796.29,0.0,0.0,0.0,0.010443237078177500,20137.23
2025-08-19 03:35:40,2025-08-19 03:35:40,03:35:40,20137.23,20094.52284208,20.27,113796.29,0.0,0.0,0.0,0.010443237078177500,20137.23
2025-08-19 04:35:52,2025-08-19 04:35:52,04:35:52,20137.23,20094.52284208,20.27,113796.29,0.0,0.0,0.0,0.010443237078177500,20137.23
2025-08-19 05:36:06,2025-08-19 05:36:06,05:36:06,20137.23,20094.52284208,20.27,113796.29,0.0,0.0,0.0,0.010443237078177500,20137.23
2025-08-19 06:36:15,2025-08-19 06:36:15,06:36:15,20137.23,20094.52284208,20.27,113796.29,0.0,0.0,0.0,0.010443237078177500,20137.23
2025-08-19 07:36:28,2025-08-19 07:36:28,07:36:28,20137.23,20094.52284208,20.27,113796.29,0.0,0.0,0.0,0.010443237078177500,20137.23
2025-08-19 08:36:41,2025-08-19 08:36:41,08:36:41,20137.23,20094.52284208,20.27,113796.29,0.0,0.0,0.0,0.010443237078177500,20137.23
2025-08-19 09:36:42,2025-08-19 09:36:42,09:36:42,20137.23,20094.52284208,20.27,113796.29,0.0,0.0,0.0,0.010443237078177500,20137.23
2025-08-19 10:36:42,2025-08-19 10:36:42,10:36:42,20137.23,20094.52284208,20.27,113796.29,0.0,0.0,0.0,0.010443237078177500,20137.23
2025-08-19 11:36:43,2025-08-19 11:36:43,11:36:43,20137.23,20094.52284208,20.27,113796.29,0.0,0.0,0.0,0.010443237078177500,20137.23
2025-08-19 12:36:50,2025-08-19 12:36:50,12:36:50,20182.4495744,20094.52284208,40.04,113796.29,0.0022455707363924200,0.0022430532105767900,0.0022430532105767900,0.012712258842145800,20182.4495744
2025-08-19 13:36:56,2025-08-19 13:36:56,13:36:56,20174.47635784,20094.52284208,40.04,113796.29,-0.00039505692956687300,-0.00039513498511393900,-0.00263818819569073,0.01231217984663300,20174.47635784
2025-08-19 14:37:00,2025-08-19 14:37:00,14:37:00,20187.33364552,20094.52284208,40.04,113796.29,0.0006373046542544890,0.0006371016618840650,0.0010322366469980000,0.012957331110407600,20187.33364552
2025-08-19 15:37:05,2025-08-19 15:37:05,15:37:05,20161.76875672,20094.52284208,40.04,113796.29,-0.0012663826362068200,-0.0012671851763175900,-0.0019042868382016500,0.011674539535071000,20161.76875672
2025-08-19 16:37:11,2025-08-19 16:37:11,16:37:11,20147.83477624,20094.52284208,40.04,113796.29,-0.000691109031560333,-0.0006913479574960090,0.0005758372188215800,0.010975362123798700,20147.83477624
2025-08-19 17:37:17,2025-08-19 17:37:17,17:37:17,20159.8937356,20094.52284208,40.04,113796.29,0.0005985238361305710,0.0005983447921771830,0.001289692749673190,0.011580454975770500,20159.8937356
2025-08-19 18:37:25,2025-08-19 18:37:25,18:37:25,20128.1006604,20094.52284208,40.04,113796.29,-0.001577045773007100,-0.001578290618650030,-0.0021766354108272200,0.009985146295194540,20128.1006604
2025-08-19 19:37:27,2025-08-19 19:37:27,19:37:27,20170.29213704,20094.52284208,40.04,113796.29,0.0020961479352599200,0.002093954082401840,0.003672244701051870,0.012102224574244400,20170.29213704
2025-08-19 20:37:37,2025-08-19 20:37:37,20:37:37,20189.811789680000,20094.52284208,40.04,113796.29,0.0009677426835161820,0.0009672747224516950,-0.0011266793599501400,0.013081679097046500,20189.811789680000
2025-08-19 21:37:45,2025-08-19 21:37:45,21:37:45,20198.39556984,20094.52284208,40.04,113796.29,0.00042515404548670900,0.0004250636931137230,-0.0005422110293379720,0.013512394871322900,20198.39556984
2025-08-19 22:37:50,2025-08-19 22:37:50,22:37:50,20196.64309912,20094.52284208,40.04,113796.29,-8.67628675722543E-05,-8.67666316875741E-05,-0.0005118303248012970,0.01342445962962400,20196.64309912
2025-08-19 23:37:56,2025-08-19 23:37:56,23:37:56,20203.719071680000,20094.52284208,40.04,113796.29,0.00035035389422266600,0.0003502925346283640,0.00043705916631593800,0.013779516835555700,20203.719071680000
2025-08-20 00:38:00,2025-08-20 00:38:00,00:38:00,20198.82887304,20094.52284208,40.04,113796.29,-0.00024204447818010300,-0.00024207377567243800,-0.0005923663103008030,0.01353413710141350,20198.82887304
2025-08-20 01:38:07,2025-08-20 01:38:07,01:38:07,20215.12720088,20094.52284208,40.04,113796.29,0.0008068946938677440,0.0008065693293557490,0.0010486431050281900,0.01435195241869460,20215.12720088
2025-08-20 02:38:10,2025-08-20 02:38:10,02:38:10,20216.81752104,20094.52284208,40.04,113796.29,8.36165977686765E-05,8.36131020958281E-05,-0.0007229562272599210,0.014436769077895700,20216.81752104
2025-08-20 03:38:17,2025-08-20 03:38:17,03:38:17,20195.85527512,20094.52284208,40.04,113796.29,-0.0010368716984354700,-0.0010374096217654400,-0.0011210227238612700,0.013384928302186500,20195.85527512
2025-08-20 04:38:27,2025-08-20 04:38:27,04:38:27,20164.51213496,20094.52284208,40.04,113796.29,-0.0015519590397645700,-0.0015531645756514500,-0.0005157549538860060,0.011812196401946900,20164.51213496
2025-08-20 05:38:29,2025-08-20 05:38:29,05:38:29,20213.49903128,20094.52284208,40.04,113796.29,0.0024293618408486300,0.002426415711882550,0.003979580287534000,0.014270254341991000,20213.49903128